﻿<?xml version="1.0" encoding="utf-8" standalone="no" ?>
<modDesc descVersion="21">
   <author>mogli</author>
    <title>
		<en>Realistic Yield</en>
        <de>Realistischer Ertrag</de> 
    </title>
    <description>
        <en><![CDATA[Realistic Yield]]></en>
		<de><![CDATA[Realistischer Ertrag]]></de>
 	</description>
    <multiplayer supported="true"/>   
	<iconFilename>store.dds</iconFilename>
	<version>0.8</version>
	<extraSourceFiles>
        <sourceFile filename="realisticYield.lua" />
    </extraSourceFiles>    
</modDesc>